﻿General information,,,,,,,,,,,,,Sowing inputs,,,,,,,,Fertilizer,,,,,,,,,,,,,,,,,,,,,,,Yield,,,,,,,,,,
ID,Year,DateYear,Parcel,Original management information,Crop_type,Area (ha),Management_Category,Management_Subcategory,Management_Specific,Amount/ha,Unit,Notes/Source,C %,C_sd %,N %,N_sd %,Moisture content %,C kg/ha,,Notes/Source,C,C_sd,N,P2O5,K2O,Mg,Ca,Unit,C kg/ha,N kg/ha,P2O5 kg/ha,K2O kg/ha,Mg kg/ha,Ca kg/ha,S kg/ha,B kg/ha,C/N,DM_Fertilizer  (%),DM_Fertilizer_sd  (%),N_tot Fertilizer (g/kg DM),N_NH4 Fertilizer (g/kg DM),Corg Fertilizer (g/kg DM),Notes/Source,% Moisture yield,Yield (kg DM/ha),%C,%N,C (kg/ha),N (kg/ha),Yield (kg TS/ha)_sd,% Moisture yield_sd,C (kg/ha)_sd,N (kg/ha)_sd,Notes/Source
1,2021,12.01.2021,Schlag 14,12.01.2021 solid manure application,grass,1.55,fertilization,manure,solid,,,Not mentioned in the farmer's field book; verfied by webcam pictures,,,,,,,,,,,,,,,,,,,,,,,,,,,,,,,,,,,,,,,,,,
2,2021,26.02.2021,Schlag 14,26.02.2021 mineral fertilizer application - Ammonsalpeter 27%+2.5% Mg - 100 kg/ha,grass,1.55,fertilization,mineral,Mg-Ammonsalpeter,100,kg,CH-OE2_Management_temporary grassland_2020-2021.jpg,,,,,,,,,,,,,,,,,,27,,,,,,,,,,,,,,,,,,,,,,,,
3,2021,03.03.2021,Schlag 14,03.03.2021 slurry application - 25m3/ha,grass,1.55,fertilization,manure,liquid,25,m3,CH-OE2_Management_temporary grassland_2020-2021.jpg,,,,,,,,,,,,,,,,,,,,,,,,,,,,,,,,,,,,,,,,,,
4,2021,30.05.2021,Schlag 14,30.05.2021 second cut of grass-clover - moisture content 83.4% - cutting height: 8cm,grass,1.55,harvest,second cut,harvester,,,CH-OE2_Management_temporary grassland_2020-2021.jpg,,,,,,,,,,,,,,,,,,,,,,,,,,,,,,,,,,,,,,,,,,
5,2021,01.06.2021,Schlag 14,01.06.2021 grass was removed from the field - 28 bales à 750 kg,grass,1.55,harvest,straw harvest,,13548,kg,CH-OE2_Management_temporary grassland_2020-2021.jpg,,,,,,,,,,,,,,,,,,,,,,,,,,,,,,,,,,,,,,,,,,
6,2021,04.06.2021,Schlag 14,04.06.2021 slurry application - 25m3/ha,grass,1.55,fertilization,manure,liquid,25,m3,CH-OE2_Management_temporary grassland_2020-2021.jpg,,,,,,,,,,,,,,,,,,,,,,,,,,,,,,,,,,,,,,,,,,
7,2021,20.07.2021,Schlag 14,20.07.2021 third cut of grass-clover - moisture content 81.3% - cutting height: 8cm,grass,1.55,harvest,third cut,harvester,,,CH-OE2_Management_temporary grassland_2020-2021.jpg,,,,,,,,,,,,,,,,,,,,,,,,,,,,,,,,,,,,,,,,,,
8,2021,21.07.2021,Schlag 14,21.07.2021 grass was removed from the field - 18 bales à 750 kg,grass,1.55,harvest,straw harvest,,8709,kg,CH-OE2_Management_temporary grassland_2020-2021.jpg,,,,,,,,,,,,,,,,,,,,,,,,,,,,,,,,,,,,,,,,,,
9,2021,27.07.2021,Schlag 14,27.07.2021 slurry application - 25m3/ha,grass,1.55,fertilization,manure,liquid,25,m3,CH-OE2_Management_temporary grassland_2020-2021.jpg; field book of the farmer says 20.7.2021 -> verfied with webcam pictures,,,,,,,,,,,,,,,,,,,,,,,,,,,,,,,,,,,,,,,,,,
10,2021,02.09.2021,Schlag 14,02.09.2021 fourth cut of grass-clover - moisture content 80.8% - cutting height: 8cm,grass,1.55,harvest,fourth cut,harvester,,,CH-OE2_Management_temporary grassland_2020-2021.jpg,,,,,,,,,,,,,,,,,,,,,,,,,,,,,,,,,,,,,,,,,,
11,2021,04.09.2021,Schlag 14,04.09.2021 grass was removed from the field - 10 bales à 750kg,grass,1.55,harvest,straw harvest,,4838,kg,CH-OE2_Management_temporary grassland_2020-2021.jpg,,,,,,,,,,,,,,,,,,,,,,,,,,,,,,,,,,,,,,,,,,
12,2021,09.09.2021,Schlag 14,09.09.2021 slurry application,grass,1.55,fertilization,manure,liquid,,,Not mentioned in the farmer's field book; verfied by webcam pictures,,,,,,,,,,,,,,,,,,,,,,,,,,,,,,,,,,,,,,,,,,
13,2021,18.10.2021,Schlag 14,18.10.2021 fifth cut of grass-clover - moisture content 82.3% - cutting height: 8cm,grass,1.55,harvest,fifth cut,harvester,,,CH-OE2_Management_temporary grassland_2020-2021.jpg,,,,,,,,,,,,,,,,,,,,,,,,,,,,,,,,,,,,,,,,,,
14,2021,20.10.2021,Schlag 14,20.10.2021 grass was removed from the field - 7 bales à 800 kg (grass was more wet),grass,1.55,harvest,straw harvest,,3612,kg,CH-OE2_Management_temporary grassland_2020-2021.jpg,,,,,,,,,,,,,,,,,,,,,,,,,,,,,,,,,,,,,,,,,,
15,2022,14.01.2022,Schlag 14,14.01.2022 manure application,grass,1.55,fertilization,manure,solid,25000,kg,T:\Documents\CH-OE2\additional_data\fieldbok_farmer\WhatsApp Image 2022-10-14 at 17.16.40.jpeg,,,,,,,,,,,,,,,,,,,,,,,,,,,,,,,,,,,,,,,,,,
16,2022,08.03.2022,Schlag 14,08.03.2022 slurry application on one half of the field ,grass,1.55,fertilization,manure,liquid,,,T:\Documents\CH-OE2\additional_data\fieldbok_farmer\WhatsApp Image 2022-10-14 at 17.16.40.jpeg,,,,,,,,,,,,,,,,,,,,,,,,,,,,,,,,,,,,,,,,,,
17,2022,10.03.2022,Schlag 14,10.03.2022 slurry application on the other half of the field - in total 40 m3/ha (including 08.03),grass,1.55,fertilization,manure,liquid,40,m3,T:\Documents\CH-OE2\additional_data\fieldbok_farmer\WhatsApp Image 2022-10-14 at 17.16.40.jpeg,,,,,,,,,,,,,,,,,,,,,,,,,,,,,,,,,,,,,,,,,,
18,2022,14.05.2022,Schlag 14,14.05.2022 sixth cut of grass-clover - moisture content 83.3% - cutting height: 8cm,grass,1.55,harvest,sixth cut,harvester,,,T:\Documents\CH-OE2\additional_data\fieldbok_farmer\WhatsApp Image 2022-10-14 at 17.16.40.jpeg,,,,,,,,,,,,,,,,,,,,,,,,,,,,,,,,,,,,,,,,,,
19,2022,15.05.2022,Schlag 14,15.05.2022 grass was removed from the field - 20 bales à 650 kg (material was already very dry; personal communication),grass,1.55,harvest,straw harvest,,8387.1,kg,T:\Documents\CH-OE2\additional_data\fieldbok_farmer\WhatsApp Image 2022-10-14 at 17.16.40.jpeg,,,,,,,,,,,,,,,,,,,,,,,,,,,,,,,,,,,,,,,,,,
20,2022,25.06.2022,Schlag 14,25.06.2022 seventh cut of grass-clover - moisture content 78.6% - cutting height: 8 cm - harvest samples were taken on 27.06.2022 (farmer left 4 patches within the footprint),grass,1.55,harvest,seventh cut,harvester,,,T:\Documents\CH-OE2\additional_data\fieldbok_farmer\WhatsApp Image 2022-10-14 at 17.16.40.jpeg,,,,,,,,,,,,,,,,,,,,,,,,,,,,,,,,,,,,,,,,,,
21,2022,25.06.2022,Schlag 14,25.06.2022 grass was removed from the field - 12 bales à 650 kg - in total 7800 kg,grass,1.55,harvest,straw harvest,,5032.3,kg,T:\Documents\CH-OE2\additional_data\fieldbok_farmer\WhatsApp Image 2022-10-14 at 17.16.40.jpeg,,,,,,,,,,,,,,,,,,,,,,,,,,,,,,,,,,,,,,,,,,
22,2022,08.08.2022,Schlag 14,08.08.2022 eight cut of grass-clover - moisture content 69.4 - cutting height: 8 cm,grass,1.55,harvest,eight cut,harvester,,,T:\Documents\CH-OE2\additional_data\fieldbok_farmer\WhatsApp Image 2022-10-14 at 17.16.40.jpeg,,,,,,,,,,,,,,,,,,,,,,,,,,,,,,,,,,,,,,,,,,
23,2022,09.08.2022,Schlag 14,09.08.2022 grass was removed from the field - 10 bales à 650 kg - in total 6500 kg,grass,1.55,harvest,straw harvest,,4193.5,kg,T:\Documents\CH-OE2\additional_data\fieldbok_farmer\WhatsApp Image 2022-10-14 at 17.16.40.jpeg,,,,,,,,,,,,,,,,,,,,,,,,,,,,,,,,,,,,,,,,,,
24,2022,20.09.2022,Schlag 14,20.09.2022 ninth cut of grass-clover - moisture content 78.4 - cutting height: 8cm,grass,1.55,harvest,ninth cut,harvester,,,T:\Documents\CH-OE2\additional_data\fieldbok_farmer\WhatsApp Image 2022-10-14 at 17.16.40.jpeg,,,,,,,,,,,,,,,,,,,,,,,,,,,,,,,,,,,,,,,,,,
25,2022,21.09.2022,Schlag 14,21.09.2022 grass was removed from the field - 5 bales à 650 kg - in total 3250 kg,grass,1.55,harvest,straw harvest,,2096.8,kg,T:\Documents\CH-OE2\additional_data\fieldbok_farmer\WhatsApp Image 2022-10-14 at 17.16.40.jpeg,,,,,,,,,,,,,,,,,,,,,,,,,,,,,,,,,,,,,,,,,,
26,2022,03.10.2022,Schlag 14,03.10.2022 herbicide Glyphosate (Sintagro - W-5553) to kill the temporary grassland 4 L/ha,grass,1.55,protection,,Glyphosate,4,L,T:\Documents\CH-OE2\additional_data\fieldbok_farmer\WhatsApp Image 2022-10-14 at 17.16.40 (1).jpeg,,,,,,,,,,,,,,,,,,,,,,,,,,,,,,,,,,,,,,,,,,
27,2022,06.10.2022,Schlag 14,06.10.2022 sowing of winter wheat (Montalbano Agroscope/DSP) - 207 kg/ha,wwheat,1.55,sowing,sowing,direct-seeding,207,kg,T:\Documents\CH-OE2\additional_data\fieldbok_farmer\WhatsApp Image 2022-10-14 at 17.16.40 (1).jpeg,,,,,,,,,,,,,,,,,,,,,,,,,,,,,,,,,,,,,,,,,,
28,2022,12.10.2022,Schlag 14,12.10.2022 insecticide against snails (Schneckenkorner),wwheat,1.55,protection,insecticide,,5,kg,T:\Documents\CH-OE2\additional_data\fieldbok_farmer\WhatsApp Image 2022-10-14 at 17.16.40 (1).jpeg,,,,,,,,,,,,,,,,,,,,,,,,,,,,,,,,,,,,,,,,,,
29,2023,27.02.2023,Schlag 14,27.02.2023 mineral fertilizer application - Mg-Ammonsalpeter 27%N+2.5%Mg - 250 kg/ha,wwheat,1.55,fertilization,mineral,Mg-Ammonsalpeter,250,kg,T:\Documents\CH-OE2\additional_data\fieldbok_farmer\WhatsApp Image 2023-03-22 at 18.19.32.jpeg,,,,,,,,read comment,,,,,,,,,,67.5,,,,,,,,,,,,,,,,,,,,,,,,
30,2023,28.02.2023,Schlag 14,28.02.2023 slurry application - 40 m3/ha,wwheat,1.55,fertilization,manure,liquid,40,m3,T:\Documents\CH-OE2\additional_data\fieldbok_farmer\WhatsApp Image 2023-03-22 at 18.19.32.jpeg,,,,,,,,,,,,,,,,,,,,,,,,,,,,,,,,,,,,,,,,,,
31,2023,22.03.2023,Schlag 14,22.03.2023 herbicide application - Sprinter 200g/ha,wwheat,1.55,protection,herbicide,Sprinter,200,g,,,,,,,,,,,,,,,,,,,,,,,,,,,,,,,,,,,,,,,,,,,
32,2023,22.03.2023,Schlag 14,22.03.2023 herbicide application - Netzmittel 1L/ha ,wwheat,1.55,protection,herbicide,Netzmittel,1,L,,,,,,,,,,,,,,,,,,,,,,,,,,,,,,,,,,,,,,,,,,,
33,2023,22.03.2023,Schlag 14,22.03.2023 herbicide application - Pixxaro 0.25L/ha,wwheat,1.55,protection,herbicide,Pixxaro,0.3,L,,,,,,,,,,,,,,,,,,,,,,,,,,,,,,,,,,,,,,,,,,,
34,2023,06.04.2023,Schlag 14,06.04.2023 mineral fertilizer application - Mg-Ammonsalpeter 27% N+2.5%Mg - 100 kg/ha,wwheat,1.55,fertilization,mineral,Mg-Ammonsalpeter,100,kg,Based on information from farmer (personal communication),,,,,,,,,,,,,,,,,,27,,,,,,,,,,,,,,,,,,,,,,,,
35,2023,15.07.2023,Schlag 14,15.07.2023 grain harvest with combine harvester - 5765 kg/ha - moisture 12.7%,wwheat,1.55,harvest,grain harvest,combine harvester,5765,kg,Based on information from farmer (personal communication),,,,,,,,,,,,,,,,,,,,,,,,,,,,,,,,,,,,,,,,,,
36,2023,15.07.2023,Schlag 14,15.07.2023 & 17.07.2023 straw harvest - 30 bales of 300 kg each = 9000 kg,wwheat,1.55,harvest,straw harvest,,5806.5,kg,Based on information from farmer (personal communication),,,,,,,,,,,,,,,,,,,,,,,,,,,,,,,,,,,,,,,,,,
37,2023,17.07.2023,Schlag 14,17.07.2023 soil cultivation,empty,1.55,cultivation,field_cultivator,,,,Based on information from farmer (personal communication),,,,,,,,,,,,,,,,,,,,,,,,,,,,,,,,,,,,,,,,,,
38,2023,27.07.2023,Schlag 14,27.07.2023 sowing of cover crop on part of the field - Terra-FIT quattro (30% common vetch - 30% sommer pea & 7  others) - 30 kg/ha,grass,1.55,sowing,sowing,,30,kg,Based on information from farmer (personal communication) & fieldbook,,,,,,,,,,,,,,,,,,,,,,,,,,,,,,,,,,,,,,,,,,
39,2023,25.09.2023,Schlag 14,25.09.2023 mulching of cover crop - no biomass removed - vegetation cut at 5 cm above ground,grass,1.55,harvest,mulching,5 cm above ground,,,Based on information from farmer (personal communication),,,,,,,,,,,,,,,,,,,,,,,,,,,,,,,,,,,,,,,,,,
40,2023,27.09.2023,Schlag 14,27.09.2023 soil cultivation,empty,1.55,cultivation,field_cultivator,,,,Based on information from farmer (personal communication),,,,,,,,,,,,,,,,,,,,,,,,,,,,,,,,,,,,,,,,,,
41,2023,04.10.2023,Schlag 14,04.10.2023 sowing winter malting barley (KWS Somerset - treated with RUBIN plus) - 150 kg/ha,wbarley,1.55,sowing,sowing,,150,,Based on information from farmer (personal communication),,,,,,,,,,,,,,,,,,,,,,,,,,,,,,,,,,,,,,,,,,
42,2023,05.10.2023,Schlag 14,05.10.2023 soil rolling,wbarley,1.55,sowing,rolling,,,,Based on information from farmer (personal communication),,,,,,,,,,,,,,,,,,,,,,,,,,,,,,,,,,,,,,,,,,
